"","Date","Time","eventtype","longitude","latitude","magnitude","depth"
"1",2015-12-31," 20:48:01",NA,172.4208625,-43.83824827,2.115245817,8.984375
"2",2015-12-31," 19:48:48",NA,173.8174779,-42.40701322,2.12091868,56.5625
"3",2015-12-31," 17:02:06",NA,173.0585576,-43.16447171,2.451800868,12.03125
"4",2015-12-31," 14:32:41",NA,173.0774401,-43.1650136,2.268203254,12.03125
"5",2015-12-31," 07:06:37","earthquake",171.3983028,-43.48345989,3.003803423,11.328125
"6",2015-12-31," 02:59:43",NA,172.7627859,-43.47984805,2.092232791,9.21875
"7",2015-12-31," 00:33:08",NA,173.5358412,-42.29369813,2.103156306,40.15625
"8",2015-12-30," 21:15:06","earthquake",172.7643351,-43.48907403,2.906709025,9.921875
"9",2015-12-30," 20:45:00","earthquake",172.8192902,-43.42850113,2.583224485,10.06605148
"10",2015-12-30," 16:26:49",NA,172.3429183,-43.74086006,2.06165641,8.046875
"11",2015-12-30," 00:44:21","earthquake",171.771336,-43.03314335,2.112366601,9.921875
"12",2015-12-29," 22:20:34","earthquake",172.7478027,-42.18306351,1.938404116,36.22331238
"13",2015-12-29," 04:58:40","earthquake",172.0530536,-43.23955768,2.43631732,10.0390625
"14",2015-12-28," 12:00:59",NA,172.0448523,-43.27480944,2.206406676,10.859375
"15",2015-12-28," 10:19:58",NA,173.2576793,-43.59912382,2.02854835,30.3125
"16",2015-12-28," 09:37:30",NA,173.083174,-42.018466,2.202042899,24.6875
"17",2015-12-27," 23:47:44",NA,172.0627827,-43.48323353,1.382654008,8.28125
"18",2015-12-27," 21:49:24","earthquake",173.3187714,-43.58254623,2.639912544,19.74288368
"19",2015-12-27," 21:09:08","earthquake",173.290741,-43.58290863,2.34889758,22.16577721
"20",2015-12-27," 20:53:57","earthquake",173.28862,-43.57825089,2.81603913,21.63656425
"21",2015-12-26," 17:28:59",NA,172.724159,-43.53634082,1.905044362,9.453125
"22",2015-12-26," 08:13:08",NA,169.8221757,-44.39547546,1.560606316,10.15625
"23",2015-12-25," 14:49:50","earthquake",173.1415558,-42.72567749,2.967373913,24.02222443
"24",2015-12-24," 21:59:39",NA,173.0774401,-43.1650136,2.292736246,12.03125
"25",2015-12-24," 14:12:53","earthquake",172.8025052,-42.71223354,2.529695935,34.765625
"26",2015-12-24," 02:08:34",NA,171.8582491,-43.57175333,2.110004957,8.515625
"27",2015-12-23," 20:43:50","earthquake",173.2186584,-43.42733765,2.167225403,5
"28",2015-12-23," 15:29:58","earthquake",172.4277954,-43.60042572,2.396528022,5.140413761
"29",2015-12-23," 01:38:33",NA,172.0484341,-43.17137391,2.271932958,11.796875
"30",2015-12-22," 15:34:48",NA,173.3169314,-42.03197395,2.385998206,24.6875
"31",2015-12-20," 22:00:48",NA,171.6230916,-43.48821111,1.956750222,15.078125
"32",2015-12-20," 17:09:09",NA,171.6048223,-43.53278803,1.556223404,6.640625
"33",2015-12-20," 06:15:30","earthquake",175.2760925,-42.79623032,2.440063901,33
"34",2015-12-19," 07:14:54","earthquake",172.7706299,-42.38644028,2.506566983,40.56319046
"35",2015-12-18," 18:27:00",NA,172.0235932,-43.60652883,1.704388198,9.921875
"36",2015-12-18," 17:21:11",NA,173.0831679,-43.16851629,2.184081013,12.96875
"37",2015-12-18," 15:59:05",NA,172.1841335,-43.58271665,2.276499418,10.390625
"38",2015-12-18," 14:57:58",NA,172.3796832,-43.55823688,2.076093383,9.921875
"39",2015-12-18," 11:57:49","earthquake",173.0446682,-43.02386129,2.596937201,35.46875
"40",2015-12-17," 23:07:57","earthquake",172.3766327,-43.6595459,2.820036612,8.76720047
"41",2015-12-16," 21:52:18","earthquake",172.3913845,-43.59864353,2.418449339,10.859375
"42",2015-12-16," 21:14:08",NA,172.3757862,-43.544768,1.936076916,9.921875
"43",2015-12-16," 05:50:28",NA,172.7795665,-43.49284766,1.896091732,9.921875
"44",2015-12-16," 05:41:40",NA,172.7881792,-43.4981017,1.914586025,10.390625
"45",2015-12-15," 23:50:54","earthquake",170.757422,-43.65898002,2.752779022,6.171875
"46",2015-12-15," 20:33:49",NA,172.1580171,-43.58614672,2.050001305,10.15625
"47",2015-12-14," 17:13:16","earthquake",172.6025516,-43.59339225,2.091894438,5.1171875
"48",2015-12-14," 14:16:10","earthquake",174.0065336,-42.68112252,3.523427352,43.90625
"49",2015-12-14," 12:58:01",NA,172.6471854,-43.61094201,2.002670443,9.921875
"50",2015-12-13," 13:28:30",NA,173.0717129,-43.1615109,2.299796724,13.90625
"51",2015-12-12," 20:34:20","earthquake",172.7606354,-42.18254089,2.66019936,34.51705551
"52",2015-12-12," 13:23:00","earthquake",171.478471,-43.54421509,3.387035772,15.078125
"53",2015-12-11," 23:17:15","earthquake",174.0596466,-42.72925949,4.313464134,26.01298141
"54",2015-12-10," 21:48:49","earthquake",172.9019578,-42.42632007,2.682185407,12.265625
"55",2015-12-10," 12:01:04","earthquake",172.7212919,-43.51664307,2.651229313,5.8203125
"56",2015-12-10," 11:51:37","earthquake",172.7252671,-43.51216555,3.348039115,6.40625
"57",2015-12-09," 06:03:34","earthquake",173.0928192,-42.11192322,3.475844892,31.17804527
"58",2015-12-08," 13:57:07",NA,173.7904216,-42.49966974,1.929128696,34.0625
"59",2015-12-08," 13:52:08","earthquake",172.6542969,-43.59871292,2.048245663,3.718825579
"60",2015-12-08," 03:40:22",NA,172.1528292,-43.59685311,2.248370182,9.921875
"61",2015-12-07," 17:18:04",NA,172.1670736,-43.46951325,2.025928904,8.28125
"62",2015-12-06," 13:50:59",NA,172.2028823,-43.31106535,2.273276395,9.921875
"63",2015-12-06," 04:27:45",NA,172.6288691,-43.5887164,1.862310236,8.984375
"64",2015-12-06," 02:19:25",NA,171.9814606,-43.20786169,2.388856104,10.859375
"65",2015-12-05," 16:17:00",NA,172.7564319,-43.60570751,1.804122994,6.640625
"66",2015-12-05," 14:02:08","earthquake",172.8088684,-43.47874069,2.308881712,5.16857481
"67",2015-12-04," 14:00:57",NA,173.0793236,-42.41227575,2.6504692,52.8125
"68",2015-12-03," 15:16:19",NA,172.5692463,-42.57609788,2.793043834,14.84375
"69",2015-12-03," 00:03:51","earthquake",172.3604718,-43.66288188,1.693206765,9.453125
"70",2015-12-01," 23:27:03",NA,172.3058006,-42.97504998,1.775028676,10.859375
"71",2015-12-01," 22:11:44",NA,172.5741622,-43.62722646,2.195438838,9.921875
"72",2015-12-01," 08:45:25",NA,172.1792147,-43.5408296,1.712525105,9.921875
"73",2015-11-30," 19:04:27","earthquake",172.1257663,-43.45246906,3.02594707,7.109375
"74",2015-11-30," 02:29:56",NA,172.8095072,-43.43110086,2.240482539,10.15625
"75",2015-11-29," 07:47:27",NA,172.2906063,-43.59243143,1.891696256,9.921875
"76",2015-11-28," 21:35:26",NA,171.8646131,-42.97403332,2.253544942,9.921875
"77",2015-11-28," 17:58:15",NA,173.2362611,-42.29499423,2.369291168,20.46875
"78",2015-11-25," 11:55:36",NA,172.1468245,-43.50984727,1.924068547,9.921875
"79",2015-11-24," 19:20:31","earthquake",172.7739105,-43.45901489,2.595942474,8.120167732
"80",2015-11-24," 19:09:53","earthquake",172.695701,-43.48168879,3.485096386,6.7578125
"81",2015-11-24," 11:21:04","earthquake",172.7699585,-43.52680588,2.099101461,8.311733246
"82",2015-11-24," 01:13:25",NA,173.8062992,-42.15973551,2.237939472,41.5625
"83",2015-11-23," 23:41:27",NA,171.8808701,-43.2375424,2.038216108,11.09375
"84",2015-11-23," 15:05:51",NA,173.3177474,-42.02699085,2.725972144,21.40625
"85",2015-11-22," 17:52:49","earthquake",173.6317872,-42.16132208,2.695414333,41.5625
"86",2015-11-22," 13:15:34",NA,171.7888499,-42.99105798,2.426532384,10.15625
"87",2015-11-22," 09:45:50","earthquake",172.1884003,-43.49401855,2.151199838,3.292957783
"88",2015-11-22," 04:41:35",NA,172.7784544,-43.48113013,2.084891277,8.515625
"89",2015-11-21," 23:42:55",NA,172.3272748,-43.53169577,1.683345719,9.921875
"90",2015-11-21," 08:28:53",NA,172.7334346,-43.59169675,2.42070378,9.921875
"91",2015-11-21," 02:04:12",NA,173.7243616,-42.44268817,1.992499715,19.53125
"92",2015-11-20," 17:22:50","earthquake",172.8674011,-42.28399277,2.702795841,3.629901648
"93",2015-11-20," 05:17:40",NA,173.0398619,-42.23920259,2.445101718,22.34375
"94",2015-11-19," 04:23:59",NA,172.7379261,-42.18366236,2.318866493,19.53125
"95",2015-11-18," 05:12:06","earthquake",173.7933044,-42.47636414,2.74007962,12.61067486
"96",2015-11-18," 02:40:47",NA,172.0092997,-43.19446542,2.348547405,16.71875
"97",2015-11-17," 14:49:16",NA,173.6276024,-42.38314244,2.381747197,60.78125
"98",2015-11-16," 09:58:04",NA,172.1257137,-43.43576843,1.571087824,9.453125
"99",2015-11-16," 09:23:22",NA,172.9204796,-42.09884357,2.090727868,53.28125
"100",2015-11-15," 23:11:04",NA,171.1094328,-44.13514206,1.836774952,5.234375
"101",2015-11-15," 15:48:22",NA,172.3429388,-43.60227192,1.959480501,9.921875
"102",2015-11-15," 13:04:11",NA,172.1878513,-43.56278427,1.746469809,9.921875
"103",2015-11-15," 07:47:59","earthquake",173.1704559,-42.20833206,2.692254696,12
"104",2015-11-15," 00:23:15","earthquake",172.7363281,-43.48683929,2.12278434,4.744266033
"105",2015-11-13," 22:09:41",NA,173.1707429,-42.08945833,2.593261178,50.46875
"106",2015-11-13," 11:37:07",NA,172.8394201,-42.39028202,2.254771178,21.40625
"107",2015-11-12," 13:59:08","earthquake",172.9213573,-42.38598604,3.060868671,45.78125
"108",2015-11-10," 17:27:53",NA,172.3603547,-43.64618125,2.298396159,9.453125
"109",2015-11-10," 12:18:30",NA,172.3662052,-43.66638457,1.785446109,9.453125
"110",2015-11-10," 12:11:02","earthquake",172.3692474,-43.63861465,3.440410209,4.288797379
"111",2015-11-10," 09:39:05",NA,172.7870653,-43.48638416,2.021359919,9.921875
"112",2015-11-10," 07:35:33",NA,173.0675606,-43.44515068,2.153283145,34.53125
"113",2015-11-09," 18:02:47",NA,173.8592013,-42.45995022,2.041485114,22.34375
"114",2015-11-09," 16:30:56",NA,172.0697196,-42.9899602,2.49021497,9.921875
"115",2015-11-09," 15:00:17",NA,173.6524887,-42.07014597,2.073666464,20.46875
"116",2015-11-09," 14:57:25",NA,173.6266883,-42.07606759,1.982645712,24.21875
"117",2015-11-09," 11:11:26",NA,172.422313,-43.60369924,1.894321679,10.15625
"118",2015-11-09," 10:49:06",NA,172.1315743,-43.48937301,1.887346554,10.390625
"119",2015-11-09," 03:09:29",NA,172.0126029,-43.19372522,2.214873572,9.921875
"120",2015-11-09," 01:56:06",NA,173.762486,-42.43878884,1.998880311,19.0625
"121",2015-11-08," 14:19:22",NA,172.4275893,-43.60969348,2.286709232,9.921875
"122",2015-11-08," 08:15:57",NA,173.062738,-43.28811057,2.350365431,29.84375
"123",2015-11-08," 06:04:17",NA,172.8423816,-43.44289101,2.115512688,10.859375
"124",2015-11-07," 23:07:00","earthquake",172.6768799,-42.46960831,2.492426853,6.441766262
"125",2015-11-07," 11:52:10",NA,172.7775752,-43.48611322,2.258973996,9.921875
"126",2015-11-06," 06:13:09",NA,171.8544678,-43.55828445,2.142178911,9.921875
"127",2015-11-05," 19:27:42",NA,172.3799284,-43.59163815,2.473843635,9.921875
"128",2015-11-05," 13:53:25","earthquake",169.9310913,-44.32997894,2.62793375,4.018809319
"129",2015-11-05," 13:27:02",NA,172.4959555,-43.60162387,1.580286271,9.921875
"130",2015-11-04," 11:42:11",NA,170.4792834,-44.25436774,1.97023334,5.234375
"131",2015-11-04," 06:47:52",NA,172.7721552,-43.6428824,2.048124049,8.046875
"132",2015-11-04," 06:30:37","earthquake",172.0711517,-43.1788559,2.525568653,5.280589581
"133",2015-11-03," 08:00:22",NA,172.0906219,-43.17521667,2.444196556,5.025191307
"134",2015-11-03," 03:34:52","earthquake",173.0458858,-43.09066381,2.916450349,34.53125
"135",2015-11-01," 19:50:29",NA,172.2251623,-43.61895302,1.79369594,9.921875
"136",2015-11-01," 09:15:34",NA,172.0303558,-43.08234578,2.156612617,10.390625
"137",2015-11-01," 05:51:34","earthquake",171.6797638,-43.61170197,1.955377715,4.147767544
"138",2015-10-31," 21:10:10","earthquake",171.1664886,-43.48718262,2.828627816,5
"139",2015-10-31," 20:21:43",NA,172.8811339,-41.89236915,2.789858,77.1875
"140",2015-10-31," 17:29:23","earthquake",173.1721121,-42.53013823,2.195675053,32.65625
"141",2015-10-31," 13:37:11",NA,172.8777402,-42.09425712,2.575680141,65.46875
"142",2015-10-31," 11:47:58","earthquake",173.0931854,-42.84189987,2.441064705,30.69434929
"143",2015-10-30," 14:42:29",NA,171.9871296,-43.21136438,2.33883832,10.390625
"144",2015-10-28," 07:25:10",NA,172.4244535,-43.57454087,2.299961585,9.921875
"145",2015-10-27," 15:28:59",NA,171.1218383,-43.79466595,1.532927972,5.234375
"146",2015-10-27," 14:56:45",NA,170.1303635,-44.08656263,2.749683918,6.40625
"147",2015-10-27," 10:48:36","earthquake",172.9160156,-42.45850754,2.51622673,38.92335129
"148",2015-10-27," 01:12:20",NA,171.9843387,-43.25971492,2.192594395,12.734375
"149",2015-10-26," 20:18:44","earthquake",172.7145538,-43.52425385,2.971675307,10.41431618
"150",2015-10-26," 04:10:03",NA,172.6963427,-43.51384427,1.780821405,10.390625
"151",2015-10-25," 20:07:59","earthquake",172.7672424,-42.29818726,2.953141743,5
"152",2015-10-25," 14:06:08",NA,171.9673308,-43.26590748,2.183439094,12.265625
"153",2015-10-25," 09:07:15","earthquake",172.4403534,-43.8374939,2.019368209,4.755646229
"154",2015-10-24," 09:36:53",NA,172.0569037,-43.15992732,2.11363922,9.921875
"155",2015-10-24," 08:50:54",NA,172.0972766,-43.43495561,2.216133501,8.984375
"156",2015-10-24," 01:34:39","earthquake",172.4954376,-43.22890091,3.1790647,20.27300453
"157",2015-10-23," 20:31:58","earthquake",170.1406268,-44.12696927,2.92963029,14.84375
"158",2015-10-23," 12:00:03","earthquake",173.2545471,-42.915905,2.509753053,27.57416725
"159",2015-10-22," 18:31:42",NA,172.5426048,-43.1847226,1.926374112,34.0625
"160",2015-10-21," 10:57:22",NA,172.7910504,-43.49985305,1.838146044,8.984375
"161",2015-10-21," 02:13:03","earthquake",171.6640898,-43.22881923,3.221739415,12.734375
"162",2015-10-20," 22:19:09","earthquake",171.3424188,-43.66729253,2.684813598,8.984375
"163",2015-10-20," 21:29:26",NA,172.065799,-43.12928854,2.054598516,12.96875
"164",2015-10-20," 19:43:25",NA,172.2629263,-43.56993489,2.590423169,9.921875
"165",2015-10-20," 11:21:05","earthquake",173.0315478,-42.39920352,2.734558225,55.15625
"166",2015-10-20," 09:22:15",NA,172.8461248,-43.43965926,2.187033613,10.390625
"167",2015-10-20," 05:54:00",NA,172.3277199,-42.80286226,1.820845596,12.03125
"168",2015-10-20," 03:17:20","earthquake",172.2659254,-43.55373983,3.627334415,11.4453125
"169",2015-10-20," 03:00:00","earthquake",172.2562846,-43.57141529,2.778724077,9.921875
"170",2015-10-19," 16:21:13",NA,171.7477738,-43.04081631,1.823089867,9.921875
"171",2015-10-19," 10:31:19",NA,171.8067171,-42.99658296,1.81661164,9.6875
"172",2015-10-19," 08:55:13",NA,172.80999,-43.46450212,2.258140595,13.90625
"173",2015-10-17," 00:06:43",NA,172.5306645,-43.60344783,2.342607105,10.15625
"174",2015-10-16," 13:50:58",NA,170.6489354,-44.03439088,2.618021263,14.84375
"175",2015-10-16," 11:00:48",NA,173.1634291,-43.40449264,2.453953557,10.15625
"176",2015-10-15," 19:20:47","earthquake",172.1472931,-43.56876755,2.132807884,4.315667152
"177",2015-10-15," 17:52:59","earthquake",172.3615265,-43.63901138,2.521731019,3.550472736
"178",2015-10-15," 05:14:56","earthquake",175.2006133,-42.90071928,2.384280519,54.6875
"179",2015-10-15," 05:09:44","earthquake",172.4435883,-43.57453156,2.156519627,2.573409319
"180",2015-10-14," 16:27:50","earthquake",172.1800094,-43.50244525,2.661594746,9.921875
"181",2015-10-14," 07:03:55",NA,173.052353,-42.3130105,2.40990177,17.65625
"182",2015-10-14," 05:29:58","earthquake",173.0881958,-42.14123154,3.259989971,33.4628334
"183",2015-10-13," 15:43:05",NA,172.3817555,-43.58167196,2.202541485,8.984375
"184",2015-10-12," 18:16:15",NA,172.0954956,-43.47832306,1.992325796,9.921875
"185",2015-10-11," 23:33:05","earthquake",172.920615,-42.42686195,2.889052963,13.203125
"186",2015-10-11," 16:21:00",NA,172.3894332,-43.59190909,2.266949773,10.390625
"187",2015-10-11," 10:25:39","earthquake",172.8321075,-43.39349747,2.791822359,4.202059746
"188",2015-10-11," 08:24:20",NA,172.0516948,-43.39023345,1.770275766,8.046875
"189",2015-10-11," 04:00:33",NA,172.7858903,-43.40288101,2.153724238,6.640625
"190",2015-10-11," 00:34:23","earthquake",173.0347748,-42.24237442,3.116772824,9.638228416
"191",2015-10-10," 05:09:09",NA,173.2045319,-42.33579752,1.683207861,50.9375
"192",2015-10-10," 03:59:49","earthquake",172.8352814,-43.45651627,1.95216914,5.209200382
"193",2015-10-09," 21:11:24",NA,172.8763787,-42.06583896,2.445067638,60.3125
"194",2015-10-09," 14:35:13",NA,173.0774401,-43.1650136,2.323744521,11.09375
"195",2015-10-09," 13:26:51","earthquake",173.0559235,-42.3294487,4.022645338,9.003619194
"196",2015-10-09," 05:20:16",NA,172.2278621,-43.5873031,1.642287265,9.921875
"197",2015-10-08," 10:44:53",NA,172.3799284,-43.59163815,2.057662408,9.921875
"198",2015-10-07," 16:17:19","earthquake",172.5323323,-43.56780781,2.811366459,5.05859375
"199",2015-10-07," 13:25:03",NA,171.79616,-43.9098636,2.508794546,18.59375
"200",2015-10-07," 08:22:02","earthquake",175.6999817,-42.93177414,2.896078896,12
"201",2015-10-06," 21:46:44","outside of network interest",173.2622281,-41.98698086,2.813321685,256.25
"202",2015-10-06," 11:35:30","earthquake",172.0810284,-42.99696558,2.392240038,11.796875
"203",2015-10-06," 05:32:34",NA,172.0706488,-42.98497711,2.294044388,9.921875
"204",2015-10-06," 05:30:20","earthquake",172.0885396,-42.99050208,3.052089823,10.390625
"205",2015-10-06," 00:00:24",NA,172.4179483,-43.59272191,1.816218897,9.921875
"206",2015-10-04," 14:41:16",NA,173.0717129,-43.1615109,2.390880035,12.03125
"207",2015-10-03," 20:20:40",NA,173.0499608,-42.43812975,2.826271507,54.6875
"208",2015-10-03," 16:25:02",NA,170.2314839,-44.03593839,2.182882333,5.46875
"209",2015-10-03," 15:52:10",NA,172.3788922,-43.57992061,1.716689541,9.921875
"210",2015-10-03," 03:12:30",NA,172.5140667,-43.60714885,2.041645005,9.921875
"211",2015-10-02," 02:03:39",NA,172.7385065,-43.40152631,1.984502461,9.921875
"212",2015-10-01," 21:51:44",NA,172.3438557,-43.59728882,2.065774489,9.921875
"213",2015-10-01," 18:35:35",NA,172.3499243,-43.65089341,1.979809292,9.453125
"214",2015-10-01," 12:53:28","earthquake",172.7721405,-43.59612274,2.583425233,6.447823048
"215",2015-09-30," 23:59:58",NA,172.7226146,-43.52711483,2.054953167,18.125
"216",2015-09-30," 21:36:46",NA,170.3065913,-44.56956528,2.003134506,5.46875
"217",2015-09-30," 13:54:22",NA,173.036882,-42.07219629,2.802275795,44.84375
"218",2015-09-30," 09:07:56",NA,172.7221575,-43.601392,2.079423477,8.515625
"219",2015-09-29," 23:36:09","earthquake",172.7715302,-43.59440613,3.284737531,7.043548107
"220",2015-09-29," 08:19:36",NA,172.358522,-43.65614744,2.356364979,9.921875
"221",2015-09-28," 14:49:17",NA,172.6819674,-43.54098036,1.555259824,16.71875
"222",2015-09-28," 12:26:47",NA,172.0691362,-43.14524897,2.160583411,10.859375
"223",2015-09-28," 12:12:13","earthquake",172.196494,-43.58473893,2.695921626,12.265625
"224",2015-09-28," 09:04:45",NA,172.8990284,-43.75583439,1.842722713,20.9375
"225",2015-09-26," 22:50:36",NA,172.3561143,-43.65190455,2.747770104,10.15625
"226",2015-09-26," 17:27:01",NA,171.7704668,-43.00472518,2.155186596,9.921875
"227",2015-09-26," 13:37:02","earthquake",172.9468842,-42.06445312,3.482690292,72.60047913
"228",2015-09-26," 11:20:17",NA,172.1451911,-43.58661598,1.66806246,9.921875
"229",2015-09-26," 04:41:45",NA,172.7709553,-43.48759363,2.026252927,9.921875
"230",2015-09-25," 16:56:52",NA,173.6810319,-42.36133301,1.825022386,34.53125
"231",2015-09-23," 14:24:44",NA,172.969409,-42.14033398,2.748381971,22.34375
"232",2015-09-23," 08:30:30",NA,172.4038845,-43.61736644,2.221402972,9.921875
"233",2015-09-22," 10:04:30","earthquake",172.6935272,-43.5190239,2.0534179,3.979456663
"234",2015-09-21," 22:36:59",NA,173.3578775,-42.80923062,2.323641044,23.28125
"235",2015-09-21," 16:57:59",NA,171.9191751,-42.95222389,2.209874477,9.921875
"236",2015-09-21," 10:57:20",NA,171.9701138,-43.18415567,2.008289797,11.328125
"237",2015-09-21," 10:02:17",NA,172.4419211,-43.6184502,1.829108189,9.921875
"238",2015-09-21," 08:35:16",NA,172.0936246,-43.48828925,2.147617888,8.984375
"239",2015-09-21," 06:26:52",NA,172.4419211,-43.6184502,1.664992032,9.921875
"240",2015-09-20," 19:12:30",NA,172.132973,-43.48189837,1.49392009,10.15625
"241",2015-09-20," 10:12:24",NA,172.2460299,-43.60952871,2.230933371,9.921875
"242",2015-09-19," 23:53:48",NA,172.5288972,-42.27440277,2.816857818,16.71875
"243",2015-09-19," 21:24:23","earthquake",172.7720661,-43.49931116,2.644610833,9.921875
"244",2015-09-19," 12:49:08",NA,172.0532034,-43.19656033,1.786880192,9.921875
"245",2015-09-19," 12:30:32","earthquake",172.5396888,-42.2838997,2.561250451,16.484375
"246",2015-09-19," 12:02:10","earthquake",172.5284565,-42.27689432,4.258936129,16.484375
"247",2015-09-19," 04:24:58",NA,172.2619133,-43.55821735,2.318237551,9.921875
"248",2015-09-18," 18:11:35",NA,172.6393764,-42.497994,2.191550377,14.84375
"249",2015-09-18," 17:32:53",NA,171.5658747,-43.53668736,1.964163056,5.234375
"250",2015-09-18," 01:25:35",NA,172.7363056,-43.48576967,2.245995613,26.09375
"251",2015-09-17," 11:29:49",NA,171.9815695,-43.34146673,1.555233803,10.859375
"252",2015-09-17," 08:07:33",NA,172.4894689,-43.61980491,2.017655764,9.921875
"253",2015-09-17," 05:32:13","earthquake",172.6615101,-42.51449631,2.379122397,8.046875
"254",2015-09-17," 00:56:23","earthquake",172.5577854,-43.6296817,2.332929586,6.0546875
"255",2015-09-16," 08:22:59",NA,172.2617334,-43.52481609,2.093286259,9.921875
"256",2015-09-16," 07:42:42",NA,172.7036408,-43.49068014,2.633814214,9.921875
"257",2015-09-16," 02:44:56",NA,172.6319824,-42.5044575,2.340880682,11.09375
"258",2015-09-16," 01:38:59","earthquake",172.6319824,-42.5044575,3.524037405,17.65625
"259",2015-09-15," 14:34:00",NA,173.9119414,-42.24123591,2.37637939,27.96875
"260",2015-09-15," 13:42:43","earthquake",174.0551605,-42.32614899,2.970104406,12
"261",2015-09-15," 06:54:59",NA,172.7974827,-43.3189086,2.2031427,24.6875
"262",2015-09-15," 06:32:32",NA,172.4171547,-42.72530026,2.399097516,12.96875
"263",2015-09-14," 22:25:57",NA,173.1194755,-42.17308719,2.215069983,22.8125
"264",2015-09-14," 21:42:58","earthquake",173.1505235,-42.09888264,3.949052191,56.09375
"265",2015-09-14," 14:08:48",NA,172.0512687,-43.17312526,1.724774539,9.921875
"266",2015-09-14," 14:06:01",NA,172.675713,-43.61175483,1.796057425,9.921875
"267",2015-09-13," 16:10:46",NA,172.3400487,-43.73910871,1.648384531,7.578125
"268",2015-09-13," 13:20:57",NA,172.7153078,-43.58617177,1.78036558,7.578125
"269",2015-09-13," 11:20:59",NA,172.3237122,-43.56832878,2.268186557,9.921875
"270",2015-09-12," 15:26:13",NA,171.1674777,-43.50860724,2.239467832,11.328125
"271",2015-09-12," 10:22:49",NA,172.4621726,-43.54222337,2.154902087,10.859375
"272",2015-09-11," 18:51:28",NA,173.1502257,-43.40745345,2.722141803,11.09375
"273",2015-09-11," 16:53:16",NA,172.3453286,-43.74510295,2.548107921,9.21875
"274",2015-09-11," 15:56:47",NA,172.4067502,-43.61911779,2.239369408,9.921875
"275",2015-09-11," 05:51:10","earthquake",173.9263494,-42.43019688,2.632320568,35.9375
"276",2015-09-11," 00:23:24",NA,172.5352162,-43.6311258,2.010617206,9.921875
"277",2015-09-10," 22:43:25","earthquake",172.5080368,-43.62283833,3.090156875,10.15625
"278",2015-09-10," 10:38:35",NA,173.2690787,-42.43614654,2.495002397,13.90625
"279",2015-09-10," 09:26:50",NA,173.1766312,-43.40153183,2.433818592,10.15625
"280",2015-09-09," 15:39:50","earthquake",172.7979594,-43.66824059,3.137564599,6.0546875
"281",2015-09-07," 16:54:15",NA,172.6981151,-43.50387808,2.330877222,12.265625
"282",2015-09-07," 15:38:56","earthquake",172.8075409,-43.65847015,2.587754586,4.508407593
"283",2015-09-07," 14:42:59",NA,171.6284244,-43.55851633,1.913571917,6.640625
"284",2015-09-07," 00:57:15","earthquake",172.6685638,-43.58350372,2.771973624,5.159330845
"285",2015-09-06," 13:55:37","earthquake",172.6083679,-42.50206375,2.528793397,5
"286",2015-09-06," 06:45:34","earthquake",172.7541199,-43.47454453,2.626489571,7.718482018
"287",2015-09-06," 06:43:38","earthquake",172.7029266,-43.49499893,2.601710883,3.853321552
"288",2015-09-06," 06:41:21","earthquake",172.7536011,-43.49358368,2.525805654,8.348505974
"289",2015-09-06," 03:42:57","earthquake",173.7055817,-42.54557419,2.658738457,14.4757328
"290",2015-09-05," 01:18:04",NA,173.0790014,-42.04338148,2.422902961,23.28125
"291",2015-09-03," 23:08:29",NA,172.4278656,-43.46861379,2.337558194,11.5625
"292",2015-09-03," 22:48:20",NA,173.6317872,-42.16132208,2.52319168,43.4375
"293",2015-09-03," 20:49:05",NA,172.446243,-43.45494659,2.28846382,6.640625
"294",2015-09-02," 12:38:23",NA,172.6095601,-43.51888045,2.279557635,23.28125
"295",2015-09-02," 12:18:03","earthquake",172.8129425,-43.45169449,2.430838246,8.177348137
"296",2015-09-02," 01:17:10","earthquake",172.1622094,-43.56372279,2.477193251,9.921875
"297",2015-09-01," 18:55:35","earthquake",173.0252686,-42.26695633,2.763026367,9.412552834
"298",2015-09-01," 12:49:48","earthquake",172.6729126,-42.43358994,2.776638394,4.510451794
"299",2015-09-01," 09:14:57",NA,172.7799145,-42.26501753,2.835254916,22.34375
"300",2015-08-31," 17:31:27","earthquake",172.0716121,-43.40249287,3.167014688,9.921875
"301",2015-08-31," 13:17:47",NA,171.6363046,-43.50195093,2.28835909,13.203125
"302",2015-08-31," 02:43:01",NA,171.1523431,-43.50483361,2.315200236,11.328125
"303",2015-08-30," 23:43:34",NA,172.6337183,-43.59720219,2.131503329,9.921875
"304",2015-08-30," 23:24:13",NA,172.2542614,-43.54798022,2.053521598,7.109375
"305",2015-08-30," 18:12:15",NA,172.3478624,-43.62745834,1.880635394,5.234375
"306",2015-08-30," 11:54:17",NA,172.5160324,-43.61388329,2.226824694,9.921875
"307",2015-08-30," 11:42:55","earthquake",172.8401489,-43.48423386,2.346164962,4.108858109
"308",2015-08-30," 08:35:51",NA,172.0445709,-43.12450377,2.309037927,10.390625
"309",2015-08-29," 17:00:30",NA,171.7914694,-43.68676117,1.996671378,8.984375
"310",2015-08-29," 15:01:31","earthquake",173.4986507,-42.3501909,3.428833025,7.109375
"311",2015-08-29," 09:39:15",NA,172.1372224,-43.47617507,1.998813083,9.921875
"312",2015-08-28," 17:09:01",NA,171.2312524,-43.49205185,2.371639414,8.515625
"313",2015-08-28," 01:56:54","earthquake",173.6822052,-42.45505142,2.546019437,14.50926304
"314",2015-08-27," 18:27:08",NA,172.9121033,-42.03850455,2.389473319,62.65625
"315",2015-08-27," 17:33:01",NA,172.2602459,-43.6015848,1.957579296,9.921875
"316",2015-08-27," 16:59:15","earthquake",172.0605927,-43.16233063,2.310786742,4.042678356
"317",2015-08-27," 12:41:20",NA,172.1378741,-43.38768882,2.159536322,9.921875
"318",2015-08-27," 00:38:47",NA,172.0371265,-43.18106916,2.257115901,10.859375
"319",2015-08-25," 23:55:16",NA,172.4846382,-43.61131912,2.189013057,9.921875
"320",2015-08-25," 05:14:20","earthquake",173.9060974,-43.00235748,2.689449821,33
"321",2015-08-24," 19:53:25",NA,172.4027144,-43.58894828,2.191792374,9.921875
"322",2015-08-24," 13:20:36","earthquake",172.0173187,-43.25954819,2.457648254,5.729004383
"323",2015-08-24," 01:49:01","earthquake",172.5492462,-42.72411033,2.870966886,41.5625
"324",2015-08-24," 00:26:46","earthquake",171.1362457,-43.48942947,3.113986577,3.892679453
"325",2015-08-23," 23:27:40","earthquake",172.6970978,-43.60583878,2.287731363,4.623226643
"326",2015-08-23," 12:57:44",NA,172.1162346,-43.43549749,1.863111564,7.578125
"327",2015-08-23," 11:56:27",NA,172.3782227,-43.61830497,1.977593887,11.328125
"328",2015-08-23," 03:46:09",NA,172.1480478,-43.58836733,1.588802732,9.921875
"329",2015-08-22," 19:26:37","earthquake",172.5189056,-43.6120224,2.465136355,7.369039059
"330",2015-08-22," 16:22:42",NA,173.4467612,-42.15092018,2.94276256,27.96875
"331",2015-08-22," 02:17:14",NA,172.2279425,-43.60400373,1.803503657,9.453125
"332",2015-08-21," 17:38:30",NA,172.3769429,-43.57318617,1.880749318,8.515625
"333",2015-08-21," 15:19:29","earthquake",169.8543852,-44.42396624,3.234368591,13.671875
"334",2015-08-20," 11:51:09",NA,172.1628275,-43.47523655,2.055944909,8.046875
"335",2015-08-20," 06:00:26",NA,172.0821833,-43.46458324,2.213362498,9.921875
"336",2015-08-19," 10:52:20",NA,172.4087042,-43.62585223,1.859565552,9.921875
"337",2015-08-19," 06:27:42",NA,172.8369516,-43.49198176,2.10892485,12.96875
"338",2015-08-18," 21:50:06",NA,171.6049043,-43.25635195,2.375110277,10.15625
"339",2015-08-18," 03:58:31","earthquake",172.75178,-42.24750407,3.593149419,23.28125
"340",2015-08-16," 23:46:18",NA,172.6836822,-43.60279978,2.310790526,9.6875
"341",2015-08-15," 08:38:22",NA,171.0267197,-43.46615878,2.548575088,6.640625
"342",2015-08-14," 11:19:13",NA,173.3093012,-42.6092197,2.565038907,25.625
"343",2015-08-14," 10:36:39","earthquake",173.3044366,-42.60073391,3.418135639,25.15625
"344",2015-08-13," 20:31:13",NA,172.2489768,-43.62798068,2.233257314,9.921875
"345",2015-08-13," 17:57:02",NA,172.3517583,-43.64092722,2.290631632,7.578125
"346",2015-08-13," 00:54:57",NA,171.9643191,-42.96354479,2.664632678,9.921875
"347",2015-08-12," 15:50:19",NA,172.3969862,-43.58544559,2.305380942,9.921875
"348",2015-08-12," 10:43:00",NA,172.6841265,-43.60030824,1.96478045,9.921875
"349",2015-08-11," 18:00:20",NA,172.0473422,-43.59885587,2.024980577,8.515625
"350",2015-08-11," 00:40:26",NA,172.0523752,-44.01064833,2.434378021,27.03125
"351",2015-08-11," 00:22:10",NA,172.3665266,-43.57789832,2.043671953,9.921875
"352",2015-08-10," 22:44:51","earthquake",172.7958933,-42.64192833,3.577006222,13.671875
"353",2015-08-10," 19:38:06",NA,172.3041492,-43.55357781,2.215172664,6.40625
"354",2015-08-10," 12:25:58","earthquake",172.8097534,-42.66030884,3.834510767,8.092348099
"355",2015-08-10," 12:09:36",NA,172.4574531,-43.6556251,2.023304697,9.453125
"356",2015-08-10," 11:20:00",NA,172.8433747,-42.65749211,2.711414667,23.28125
"357",2015-08-10," 06:34:33",NA,172.3873681,-42.75115426,2.44384146,12.96875
"358",2015-08-10," 02:28:50",NA,173.2800375,-42.59668934,2.625606474,24.21875
"359",2015-08-09," 09:50:49",NA,172.2999101,-43.55930111,2.357522221,9.921875
"360",2015-08-08," 22:09:29",NA,172.7212719,-43.60637509,2.660920365,9.921875
"361",2015-08-08," 12:26:35","earthquake",172.8384857,-43.4392128,2.530016095,5.054763794
"362",2015-08-07," 10:33:12","earthquake",173.2949829,-42.61570358,2.761504197,11.58742142
"363",2015-08-07," 09:28:44","earthquake",173.3331146,-42.61958694,2.657455171,15.26855755
"364",2015-08-07," 09:20:50","earthquake",173.34729,-42.64628601,2.908197629,14.34065723
"365",2015-08-07," 09:14:29","earthquake",173.301712,-42.63840485,3.557497751,13.74199867
"366",2015-08-07," 05:55:41","earthquake",173.2698212,-42.59970856,2.686289221,9.730089188
"367",2015-08-06," 16:38:01","earthquake",171.6166229,-43.56729507,2.24390765,3.926899672
"368",2015-08-05," 15:10:05",NA,173.2800375,-42.59668934,2.657122465,24.21875
"369",2015-08-05," 13:53:00","earthquake",172.142334,-43.4948616,2.661487239,4.881940842
"370",2015-08-05," 06:41:45",NA,171.7676479,-43.00297384,2.546997956,9.921875
"371",2015-08-04," 17:14:06",NA,173.268666,-42.58968396,2.726723205,20.46875
"372",2015-08-04," 03:41:14",NA,172.0062394,-43.39561319,2.377727483,6.640625
"373",2015-08-03," 16:38:07",NA,172.1675837,-43.60311829,2.599396479,10.15625
"374",2015-08-03," 05:34:54","earthquake",173.2996826,-42.61925507,2.75775783,12.88691616
"375",2015-08-02," 19:23:58",NA,171.1808004,-43.50564643,2.703316177,12.265625
"376",2015-08-02," 18:53:04",NA,172.2182031,-43.5536309,2.184139936,9.921875
"377",2015-08-02," 18:33:05","earthquake",173.2029114,-42.20158386,3.997865811,38.7942009
"378",2015-08-01," 23:21:43","earthquake",173.0706465,-42.09321243,2.584578691,47.65625
"379",2015-07-31," 21:57:12",NA,172.570842,-43.62796667,2.134263158,10.15625
"380",2015-07-31," 01:49:09",NA,171.5705702,-43.54517315,2.147633683,12.734375
"381",2015-07-30," 17:54:45",NA,172.8093822,-42.63647597,2.2630282,18.59375
"382",2015-07-30," 16:11:12",NA,172.1733002,-43.60662098,2.162388222,10.15625
"383",2015-07-29," 19:49:21",NA,172.1014692,-43.58202953,2.058896686,9.921875
"384",2015-07-28," 18:07:42",NA,172.6293131,-42.27064867,2.732699221,21.40625
"385",2015-07-28," 14:43:39",NA,171.9243473,-42.9415175,2.436234685,10.15625
"386",2015-07-27," 15:45:06","earthquake",172.6127286,-43.58992587,1.956010759,11.328125
"387",2015-07-27," 14:02:57","earthquake",172.7795665,-43.49284766,2.223265886,11.328125
"388",2015-07-27," 05:33:28",NA,173.7962517,-42.38303627,2.309062422,33.125
"389",2015-07-26," 13:43:03",NA,171.8005199,-43.474907,2.108118877,11.328125
"390",2015-07-25," 14:24:37",NA,173.7946867,-42.39300246,2.570951362,34.0625
"391",2015-07-24," 19:24:00",NA,172.7471418,-42.66973199,2.492034736,50.9375
"392",2015-07-24," 07:53:01",NA,172.5244766,-43.60243669,1.96200189,9.921875
"393",2015-07-24," 03:09:45","earthquake",172.0233776,-43.45622316,3.052840753,9.921875
"394",2015-07-23," 19:33:49",NA,173.705021,-42.09170399,2.317564612,44.84375
"395",2015-07-23," 16:09:56",NA,172.0283335,-43.59831399,1.795294614,9.921875
"396",2015-07-23," 06:22:51","earthquake",172.8494896,-42.44065485,2.863295008,20.46875
"397",2015-07-22," 05:53:06",NA,171.8440131,-43.56299661,1.87718278,10.859375
"398",2015-07-22," 04:59:03",NA,173.8917843,-42.25066022,2.389856361,30.78125
"399",2015-07-22," 04:45:04","earthquake",172.6564951,-43.59451232,2.459608889,10.390625
"400",2015-07-20," 14:53:52","earthquake",172.9015308,-42.42881161,2.836030501,18.59375
"401",2015-07-20," 10:38:27","earthquake",172.6978388,-43.59485588,3.110677013,10.15625
"402",2015-07-20," 01:19:50","earthquake",173.6062642,-42.43842574,2.85988259,34.765625
"403",2015-07-18," 13:38:02","earthquake",172.6682281,-43.57853317,2.343205153,3.750329018
"404",2015-07-18," 13:25:01",NA,172.1380983,-43.45449134,2.379945155,9.453125
"405",2015-07-18," 10:17:02",NA,172.1424024,-43.46546868,2.496175195,8.28125
"406",2015-07-17," 22:40:46",NA,172.1915729,-43.3207606,2.013211148,10.390625
"407",2015-07-17," 17:47:46","earthquake",173.0688124,-43.51195321,2.472599061,26.09375
"408",2015-07-17," 07:46:04",NA,172.70999,-43.61607034,1.875368081,9.921875
"409",2015-07-16," 03:11:11","earthquake",171.9611511,-43.2484169,2.58629529,4.840957165
"410",2015-07-15," 17:48:29","earthquake",172.663059,-42.48782949,2.491537771,9.921875
"411",2015-07-15," 08:54:40",NA,172.1575511,-43.58863827,1.991754895,9.921875
"412",2015-07-14," 11:59:09",NA,171.8725252,-43.5471088,2.486454818,9.921875
"413",2015-07-14," 09:03:59",NA,172.1024057,-43.57704644,2.293008233,9.921875
"414",2015-07-13," 17:25:55",NA,173.0875371,-42.1037205,2.361969272,50.46875
"415",2015-07-13," 10:57:44",NA,172.0482835,-43.59387277,1.950721366,9.453125
"416",2015-07-13," 06:57:52",NA,173.1521831,-42.08891645,2.443281977,51.40625
"417",2015-07-12," 22:25:53",NA,172.0720869,-43.19710221,2.348735213,9.921875
"418",2015-07-12," 18:58:31",NA,171.9922956,-43.18395735,1.744031451,11.09375
"419",2015-07-12," 10:16:06",NA,171.542089,-43.54436033,1.969300339,5.234375
"420",2015-07-12," 08:04:47",NA,172.3874824,-43.58517465,2.103914035,9.921875
"421",2015-07-12," 06:18:52",NA,172.8715919,-43.00302394,2.093752339,13.671875
"422",2015-07-11," 07:43:10",NA,172.3683554,-43.56793213,2.044791689,9.921875
"423",2015-07-11," 07:06:46",NA,173.6731891,-42.21425908,2.513025133,44.84375
"424",2015-07-11," 04:37:43","earthquake",172.6224241,-43.60689744,2.573481799,9.921875
"425",2015-07-11," 00:22:02",NA,171.849707,-43.5664993,2.116922711,9.921875
"426",2015-07-10," 10:43:20",NA,171.0684761,-43.46401079,2.11124227,8.515625
"427",2015-07-10," 02:16:08",NA,171.8440131,-43.56299661,2.053930883,9.921875
"428",2015-07-09," 23:34:31",NA,171.8487498,-43.57148239,2.035385811,9.921875
"429",2015-07-09," 19:23:45","earthquake",171.8383199,-43.55949392,3.519723793,9.921875
"430",2015-07-09," 15:56:25",NA,173.8607591,-42.32984786,2.605145329,27.03125
"431",2015-07-09," 11:19:18","earthquake",172.7071156,-43.614319,3.204070508,9.921875
"432",2015-07-09," 08:23:45",NA,172.4029723,-43.62234954,2.146588584,9.921875
"433",2015-07-09," 06:50:16","earthquake",173.9450108,-42.22885079,2.35207296,49.53125
"434",2015-07-09," 05:17:19","earthquake",172.0052391,-43.3504944,2.608241771,8.515625
"435",2015-07-08," 16:22:15","earthquake",172.6724283,-42.45220762,2.521805363,13.90625
"436",2015-07-08," 02:37:33","earthquake",170.0572771,-44.15470032,2.582064328,12.03125
"437",2015-07-08," 01:33:22","earthquake",172.7062286,-43.61930209,2.563587782,9.453125
"438",2015-07-08," 01:23:26",NA,172.83745,-43.52538302,2.372992811,5.46875
"439",2015-07-07," 15:18:31",NA,171.8506641,-43.5615162,2.386694065,9.921875
"440",2015-07-07," 12:12:24",NA,172.7172848,-43.62879902,2.062328076,11.09375
"441",2015-07-07," 11:46:57","earthquake",172.7203861,-43.61135819,3.579305413,10.390625
"442",2015-07-07," 00:19:30","earthquake",170.0651579,-44.14823682,3.044959772,6.40625
"443",2015-07-06," 05:45:15","earthquake",169.657094,-44.35571687,4.960596569,12.1975
"444",2015-07-05," 08:09:28",NA,172.3782227,-43.61830497,2.350666045,9.921875
"445",2015-07-05," 03:34:58","earthquake",172.6572325,-43.53693578,3.193832633,14.84375
"446",2015-07-03," 18:07:35",NA,172.3478659,-43.55816427,2.153483621,7.34375
"447",2015-07-03," 09:30:40","earthquake",172.6369781,-43.57784653,2.694118021,4.396662712
"448",2015-07-03," 05:28:45",NA,173.0340771,-42.38425423,2.632883295,47.1875
"449",2015-07-02," 02:27:02",NA,172.1449032,-43.50311283,2.069869818,9.921875
"450",2015-07-02," 02:17:12",NA,172.1364011,-43.51455943,2.109776237,8.984375
"451",2015-07-01," 19:01:43",NA,172.1796046,-43.40224146,2.142069577,8.046875
"452",2015-07-01," 06:58:17","earthquake",172.7353586,-42.4139685,2.611985913,10.15625
"453",2015-06-30," 21:06:54","earthquake",172.6385689,-43.60568797,2.240604592,9.921875
"454",2015-06-29," 22:29:17","earthquake",172.8143158,-43.43585587,2.702423299,3.888063908
"455",2015-06-29," 19:38:11",NA,172.5953426,-43.65120341,2.202249802,13.203125
"456",2015-06-29," 13:10:23",NA,172.9011991,-41.99311482,2.576209242,75.3125
"457",2015-06-29," 11:23:53","earthquake",172.6150665,-43.59797668,2.343177589,3.793633223
"458",2015-06-29," 00:14:12",NA,172.2770019,-42.87403338,2.578604101,7.109375
"459",2015-06-28," 21:33:29",NA,172.7025434,-43.47896261,2.526624041,10.390625
"460",2015-06-27," 19:08:09",NA,172.4271343,-43.61218503,1.901480936,18.125
"461",2015-06-27," 09:20:05",NA,172.422313,-43.60369924,2.473607814,10.15625
"462",2015-06-27," 04:16:23",NA,172.3302366,-42.61592357,2.52526436,16.71875
"463",2015-06-26," 23:35:21",NA,171.8535805,-43.51316566,2.520492351,11.796875
"464",2015-06-26," 07:14:39","earthquake",172.8046883,-43.45850788,2.753253927,12.265625
"465",2015-06-26," 05:35:09",NA,172.7650022,-42.67525697,2.533826455,50.46875
"466",2015-06-25," 20:38:28",NA,172.9267448,-42.71999866,2.349232081,40.15625
"467",2015-06-25," 13:16:47",NA,172.347399,-43.69924395,1.848563848,9.921875
"468",2015-06-25," 11:18:29",NA,172.6328255,-43.60218528,1.806790389,9.921875
"469",2015-06-25," 07:16:17",NA,173.0795428,-42.3738914,2.37389149,56.09375
"470",2015-06-25," 01:49:01",NA,171.1171956,-44.12867856,1.945158465,5.234375
"471",2015-06-24," 10:01:14",NA,172.4844866,-43.59461849,1.737800844,6.171875
"472",2015-06-24," 05:41:13",NA,172.7725061,-43.49681962,2.052226848,10.15625
"473",2015-06-23," 05:07:35",NA,172.4894689,-43.61980491,2.009632365,9.921875
"474",2015-06-23," 04:35:25","earthquake",172.5970353,-43.58864378,2.148198335,10.15625
"475",2015-06-23," 01:24:45",NA,172.4989787,-43.62007585,2.064278863,10.390625
"476",2015-06-21," 05:51:44",NA,172.5056199,-43.61859544,2.81697706,9.921875
"477",2015-06-20," 20:29:14",NA,172.5056199,-43.61859544,2.867398289,9.921875
"478",2015-06-20," 20:13:43",NA,172.5022993,-43.61933564,2.658787797,10.15625
"479",2015-06-20," 18:37:00",NA,172.6556042,-43.59949541,2.119060609,9.921875
"480",2015-06-20," 07:19:22",NA,172.1439141,-43.4913953,2.185361505,9.921875
"481",2015-06-19," 20:51:38",NA,172.191637,-43.55955252,1.937381312,9.921875
"482",2015-06-19," 05:49:54","earthquake",173.0610628,-42.07624086,2.891531007,46.71875
"483",2015-06-18," 22:55:06",NA,172.6611481,-43.58629747,2.380281922,9.921875
"484",2015-06-17," 05:02:15",NA,173.0117208,-42.81092337,2.397396703,39.6875
"485",2015-06-16," 08:52:53",NA,172.3684749,-43.58463277,2.014205356,10.390625
"486",2015-06-16," 07:37:56",NA,172.380842,-43.58665505,2.087365143,9.921875
"487",2015-06-14," 15:00:12","earthquake",173.0888846,-43.32057331,3.978783418,30.3125
"488",2015-06-11," 16:36:21",NA,172.9398117,-42.71703785,2.522963271,40.15625
"489",2015-06-11," 10:15:43",NA,172.8909727,-42.7089487,2.752155,42.96875
"490",2015-06-11," 10:09:05",NA,172.6394614,-43.60070488,2.565412039,10.859375
"491",2015-06-11," 09:54:58",NA,172.9153909,-42.42086771,2.688823394,22.8125
"492",2015-06-11," 05:14:49",NA,173.1265183,-42.05645371,2.701257557,55.625
"493",2015-06-10," 17:12:12","earthquake",172.7268114,-43.52139153,2.563675596,10.390625
"494",2015-06-10," 11:20:39",NA,172.3660865,-43.64968394,2.395265771,9.921875
"495",2015-06-09," 18:51:13","earthquake",172.7219551,-43.51290575,2.254829223,10.859375
"496",2015-06-09," 17:26:17",NA,172.1443722,-43.62500034,2.469933801,9.921875
"497",2015-06-08," 20:38:37","earthquake",172.0475321,-43.19305764,2.743224625,12.265625
"498",2015-06-08," 15:19:15","earthquake",170.0522393,-44.17712425,2.802976226,5.234375
"499",2015-06-07," 19:56:11",NA,173.8607591,-42.32984786,2.479633874,31.71875
"500",2015-06-07," 19:16:35",NA,172.380842,-43.58665505,1.958449552,9.921875
"501",2015-06-07," 13:15:22","earthquake",173.1342695,-42.12177583,2.657000732,57.03125
"502",2015-06-06," 20:40:12",NA,172.380842,-43.58665505,2.109186207,9.921875
"503",2015-06-04," 20:56:06",NA,172.7318923,-43.47479233,2.458878559,9.921875
"504",2015-06-04," 19:51:16","earthquake",172.2742358,-43.21626083,2.660846077,26.328125
"505",2015-06-04," 15:37:00",NA,172.7305607,-43.5899454,2.914775626,9.921875
"506",2015-06-02," 21:35:19",NA,172.3525892,-43.64074217,2.195723261,8.57421875
"507",2015-06-02," 17:47:05","earthquake",172.399066,-43.60888066,2.97552596,10.390625
"508",2015-06-01," 14:21:04",NA,171.5309697,-43.55636208,2.087700117,5.87890625
"509",2015-06-01," 12:10:22",NA,171.1499879,-43.37570609,2.71492882,5.1171875
"510",2015-06-01," 11:25:10",NA,171.5297686,-43.55841579,2.520582527,5.52734375
"511",2015-06-01," 07:58:46",NA,171.1443521,-43.3722034,2.468358304,5.1171875
"512",2015-06-01," 07:39:08",NA,171.153419,-43.36661557,2.127219348,5.1171875
"513",2015-05-31," 23:01:12",NA,172.2580782,-43.59609614,2.47938338,6.7578125
"514",2015-05-31," 07:31:46",NA,173.6749288,-42.67487136,2.312062593,70.15625
"515",2015-05-31," 05:43:23",NA,172.5040381,-43.62731586,1.80007062,10.0390625
"516",2015-05-30," 20:10:20",NA,171.1490845,-43.37233887,2.223959794,5.1171875
"517",2015-05-30," 13:55:14",NA,172.7904734,-43.65195965,2.362402076,7.40234375
"518",2015-05-30," 09:38:01",NA,171.4629248,-43.36190267,2.120346177,8.22265625
"519",2015-05-29," 14:18:51","earthquake",173.1596069,-42.11035156,2.455480521,32.58013916
"520",2015-05-28," 16:18:51",NA,172.4452264,-42.97113387,2.076007748,5.1171875
"521",2015-05-28," 14:34:51",NA,174.0142125,-42.36684397,2.226728203,24.453125
"522",2015-05-28," 11:18:12",NA,172.595128,-43.45753029,2.059262157,33.359375
"523",2015-05-28," 10:35:21",NA,172.0323929,-43.17258338,1.94286564,9.921875
"524",2015-05-27," 03:43:59",NA,173.6856444,-42.70605201,2.667646084,23.515625
"525",2015-05-25," 15:17:13","earthquake",172.8055648,-43.45352478,2.987960519,9.921875
"526",2015-05-25," 11:41:05",NA,173.6555138,-42.12947385,2.538110429,44.140625
"527",2015-05-23," 20:29:10",NA,172.3895362,-43.57396268,1.96476153,10.0390625
"528",2015-05-22," 21:18:50",NA,173.0082852,-41.94700441,2.518652419,87.265625
"529",2015-05-22," 17:40:39","earthquake",173.1190338,-42.14585114,4.522693303,36.16589737
"530",2015-05-22," 10:30:39",NA,171.9779081,-43.19314703,1.957067828,6.7578125
"531",2015-05-22," 01:26:07","earthquake",172.2094879,-43.59823608,2.378010856,2.678860903
"532",2015-05-21," 23:37:47",NA,172.0662553,-43.22824655,2.601906963,8.6328125
"533",2015-05-21," 09:59:48",NA,171.1231653,-43.70636475,2.545163788,5.05859375
"534",2015-05-21," 07:20:51",NA,171.7480372,-43.03122022,2.422461357,5.1171875
"535",2015-05-20," 14:21:41",NA,173.168247,-43.33870126,2.572952312,29.609375
"536",2015-05-20," 02:37:12",NA,171.2613429,-43.54783234,2.237203409,7.63671875
"537",2015-05-19," 03:53:25","earthquake",172.7451558,-43.61540276,2.95021222,12.734375
"538",2015-05-19," 03:37:32",NA,172.1299535,-43.20919961,2.332439536,8.8671875
"539",2015-05-18," 14:20:40",NA,171.7438081,-43.02859321,2.321928185,5.1171875
"540",2015-05-18," 11:01:05",NA,172.7241463,-43.60812644,2.133834801,10.859375
"541",2015-05-17," 14:08:36","earthquake",172.8219618,-43.50490876,2.277055378,10.15625
"542",2015-05-17," 13:56:23",NA,172.7254183,-43.60544984,2.332027757,10.80078125
"543",2015-05-17," 08:47:50",NA,172.210727,-43.3200567,2.40454459,9.1015625
"544",2015-05-17," 08:29:53",NA,172.8110624,-43.44032684,2.150823439,11.796875
"545",2015-05-17," 04:57:37",NA,173.7402528,-42.53993114,2.562845657,31.71875
"546",2015-05-17," 00:01:53","earthquake",172.7294069,-43.51124029,2.91349402,11.38671875
"547",2015-05-16," 18:50:19",NA,171.8234903,-43.55385163,2.168284595,7.87109375
"548",2015-05-16," 01:56:58",NA,172.8761385,-42.7949071,2.608809199,44.9609375
"549",2015-05-16," 01:13:02",NA,172.0839427,-43.12521743,2.336622491,12.1484375
"550",2015-05-15," 12:07:10",NA,173.1426957,-42.08989128,2.562858327,47.3046875
"551",2015-05-15," 09:32:38","earthquake",173.0882699,-42.080791,2.995087662,48.7109375
"552",2015-05-14," 23:44:33","earthquake",171.7804565,-42.98515701,2.843964205,5.623468399
"553",2015-05-14," 18:20:39",NA,173.2117118,-42.14239533,2.696486508,73.4375
"554",2015-05-14," 03:54:45",NA,172.094779,-43.4313356,2.030370238,8.92578125
"555",2015-05-13," 21:29:45",NA,172.5839652,-43.62145358,2.069547821,10.56640625
"556",2015-05-13," 19:31:23",NA,172.29977,-43.55574884,2.290035435,8.10546875
"557",2015-05-13," 16:59:33",NA,172.0500025,-43.12925223,2.415872982,10.2734375
"558",2015-05-11," 18:54:25","earthquake",172.0684183,-43.14063598,4.028555863,10.7421875
"559",2015-05-11," 18:30:05","earthquake",172.8278503,-43.48654556,2.513616881,8.984185219
"560",2015-05-11," 17:38:21",NA,172.7318866,-43.60041716,2.086974676,10.7421875
"561",2015-05-11," 15:15:57","earthquake",172.664978,-43.61406708,2.916961392,8.82178688
"562",2015-05-11," 15:05:23","earthquake",172.8006744,-43.50035477,2.266979765,8.627863884
"563",2015-05-11," 11:32:31","earthquake",172.7600403,-43.59441376,2.742160494,6.858023167
"564",2015-05-10," 22:07:44",NA,171.1546234,-43.49362165,2.162940325,6.5234375
"565",2015-05-10," 04:53:09",NA,172.2143792,-43.59986,2.414187756,5.3515625
"566",2015-05-10," 04:50:44",NA,172.2275148,-43.58917176,2.010491091,6.23046875
"567",2015-05-09," 22:30:10","earthquake",172.6962433,-43.58109283,2.395261993,3.946038246
"568",2015-05-09," 20:30:28",NA,172.949338,-42.02039614,2.738580098,93.359375
"569",2015-05-09," 01:17:04",NA,171.7514064,-43.00542908,2.346359345,5.1171875
"570",2015-05-08," 18:42:48",NA,172.7349586,-42.84717375,2.36525804,20.234375
"571",2015-05-08," 18:03:55",NA,172.1572357,-43.18159427,2.328265992,10.5078125
"572",2015-05-08," 17:56:32",NA,172.654586,-43.53393867,2.046936857,14.2578125
"573",2015-05-08," 06:19:06",NA,172.3441662,-42.77286453,2.490923145,11.6796875
"574",2015-05-07," 23:08:31",NA,172.6692759,-43.53185353,2.46279882,13.5546875
"575",2015-05-07," 12:57:13",NA,172.3929818,-43.58992311,2.496626217,9.1015625
"576",2015-05-07," 11:34:27","earthquake",172.2608948,-43.61351013,2.85545281,3.14701128
"577",2015-05-07," 06:25:13",NA,173.0692547,-42.05519817,2.430252355,49.6484375
"578",2015-05-07," 02:06:06","earthquake",173.1429484,-42.07904942,2.809187159,46.6015625
"579",2015-05-06," 08:39:28",NA,171.7749545,-42.99775611,2.387346908,9.8046875
"580",2015-05-05," 16:28:50",NA,173.1464611,-42.10460594,2.580210944,62.421875
"581",2015-05-05," 15:23:46",NA,172.9816539,-42.17824907,2.436095128,63.359375
"582",2015-05-04," 19:05:48","earthquake",171.7584534,-42.99351501,3.010309032,5
"583",2015-05-04," 09:48:09",NA,171.7711821,-43.00098786,2.168577955,5.1171875
"584",2015-05-04," 04:21:19",NA,172.7830964,-43.49086169,2.536164187,10.9765625
"585",2015-05-03," 19:17:30",NA,172.7760364,-43.49483364,1.919547817,11.4453125
"586",2015-05-03," 09:29:35","earthquake",172.838103,-42.44324556,2.304729195,13.7890625
"587",2015-05-03," 07:29:34",NA,171.7725706,-43.01021385,2.518677757,5.1171875
"588",2015-05-03," 07:13:36",NA,171.7824589,-43.00799324,2.172006319,5.1171875
"589",2015-05-03," 07:03:48",NA,171.7763639,-42.99863178,2.230538273,5.1171875
"590",2015-05-03," 06:53:10",NA,171.7678648,-43.01007838,2.451987217,5.1171875
"591",2015-05-03," 06:46:42","earthquake",171.7547302,-42.98983383,4.148036052,5.415926933
"592",2015-05-03," 06:44:30",NA,171.7735243,-43.00523075,2.443512263,5.1171875
"593",2015-05-03," 00:33:30","earthquake",173.1163253,-42.11749663,3.618388625,61.1328125
"594",2015-05-02," 21:17:01",NA,172.6564652,-42.46301317,2.309957124,10.0390625
"595",2015-05-02," 21:03:43",NA,173.1191287,-42.08210939,2.286940236,51.640625
"596",2015-05-02," 16:42:47","earthquake",172.6710663,-42.46605301,2.447344828,5.843970776
"597",2015-05-02," 15:11:27",NA,173.1171456,-42.07537495,2.187181633,48.828125
"598",2015-05-02," 08:57:30","earthquake",172.4162598,-42.49121475,3.252435955,5
"599",2015-05-01," 22:34:23",NA,173.1207929,-42.0721432,2.251573924,50.703125
"600",2015-05-01," 06:41:09","earthquake",172.6791236,-42.21742396,2.961006508,22.2265625
"601",2015-04-30," 12:52:37",NA,173.0392887,-42.64897277,2.729650366,11.328125
"602",2015-04-30," 01:51:24","earthquake",173.1573454,-43.29081997,2.961903084,36.40625
"603",2015-04-28," 10:35:32",NA,173.1605492,-42.11336266,2.627129382,67.578125
"604",2015-04-28," 04:33:06","earthquake",173.0612719,-42.07499508,2.61454828,47.3046875
"605",2015-04-28," 03:57:27","earthquake",173.0677356,-42.07351468,3.661507027,54.1015625
"606",2015-04-27," 19:49:46","earthquake",173.0651131,-42.10765614,2.973880712,51.5234375
"607",2015-04-27," 14:18:39","earthquake",172.8313446,-42.15604019,2.842263087,5
"608",2015-04-27," 00:19:42","earthquake",173.1565298,-42.10948987,2.922976969,54.8046875
"609",2015-04-26," 18:11:01",NA,172.1923442,-43.06028495,2.419289137,12.265625
"610",2015-04-26," 08:04:03",NA,172.3538208,-43.62971525,2.003859567,10.9765625
"611",2015-04-26," 07:54:47",NA,172.3483224,-43.59031975,2.315121502,8.8671875
"612",2015-04-26," 07:40:30",NA,173.1597198,-42.11834576,2.596283302,63.828125
"613",2015-04-26," 05:58:15",NA,172.2199416,-43.56996143,2.57027528,7.9296875
"614",2015-04-25," 22:31:32",NA,171.9549554,-43.34801124,2.457854803,10.33203125
"615",2015-04-25," 15:58:55",NA,173.0224408,-42.1210161,2.488121772,64.765625
"616",2015-04-25," 15:28:55",NA,173.1360244,-42.09261746,2.461142677,53.046875
"617",2015-04-25," 14:21:15","earthquake",172.9633136,-42.01120646,2.626538756,75.8984375
"618",2015-04-25," 13:21:06","earthquake",173.1041107,-42.01576233,2.452419035,5.293426991
"619",2015-04-25," 12:02:01",NA,173.1414767,-42.13450451,2.429405724,64.765625
"620",2015-04-25," 11:49:51","earthquake",173.0687244,-42.0768819,2.65129854,47.5390625
"621",2015-04-25," 11:19:28",NA,173.0696981,-42.1173877,2.35541178,49.765625
"622",2015-04-25," 09:37:59",NA,172.0623834,-42.97012698,2.417879753,12.3828125
"623",2015-04-25," 07:10:06","earthquake",173.1744843,-42.14154816,3.176317397,39.39684677
"624",2015-04-25," 06:13:41","earthquake",173.1999969,-42.137146,3.337468568,34.30895233
"625",2015-04-25," 00:19:35",NA,173.0617276,-42.10004603,2.575910072,50.1171875
"626",2015-04-24," 21:57:53",NA,173.0944203,-42.09974855,2.431095706,51.171875
"627",2015-04-24," 21:22:20",NA,172.1255972,-43.43639131,2.428440908,5.29296875
"628",2015-04-24," 16:31:46","earthquake",173.0933772,-42.10597742,3.776886643,52.6953125
"629",2015-04-24," 16:16:18",NA,173.1396717,-42.08938571,2.234915585,49.765625
"630",2015-04-24," 16:03:17","earthquake",172.0284429,-43.21046216,2.438883266,10.9765625
"631",2015-04-24," 15:49:42","earthquake",173.1399231,-42.16549683,2.866438415,45.47588348
"632",2015-04-24," 14:35:25","earthquake",173.0453491,-42.1540451,4.095543454,47.28900528
"633",2015-04-24," 13:12:33",NA,173.3002374,-42.47460351,2.588538942,54.921875
"634",2015-04-24," 12:06:55",NA,173.0869161,-42.07031924,2.337482741,51.40625
"635",2015-04-24," 09:55:50","earthquake",173.0168627,-42.41213052,2.718735017,51.40625
"636",2015-04-24," 09:27:41",NA,173.0983835,-42.11321743,2.148998848,53.984375
"637",2015-04-24," 09:15:58",NA,173.1912555,-42.20939617,2.328388546,71.796875
"638",2015-04-24," 09:08:25",NA,173.1317323,-42.06244795,2.083415547,46.953125
"639",2015-04-24," 08:35:40",NA,173.0844117,-42.08526852,2.345472401,54.6875
"640",2015-04-24," 08:24:45",NA,173.1553284,-42.10736843,2.391050053,67.8125
"641",2015-04-24," 07:43:34",NA,173.1577313,-42.11161132,2.531881377,59.609375
"642",2015-04-24," 06:57:20",NA,173.072792,-42.0711586,2.198948149,48.4765625
"643",2015-04-24," 06:19:14","earthquake",173.09807,-42.0965168,2.801518655,50.234375
"644",2015-04-24," 05:18:30",NA,173.0797177,-42.09472914,2.164569699,47.0703125
"645",2015-04-24," 04:55:37",NA,173.0861829,-42.09324874,2.266925427,49.4140625
"646",2015-04-24," 04:53:23",NA,173.1157989,-42.10204177,2.547487225,54.921875
"647",2015-04-24," 04:37:16","earthquake",173.1712799,-42.15791702,3.067917614,46.34132385
"648",2015-04-24," 04:29:29","earthquake",173.0972595,-42.14623642,3.311824738,32.48776245
"649",2015-04-24," 04:24:44","earthquake",173.1584473,-42.12590408,2.996677906,38.47701263
"650",2015-04-24," 04:15:55",NA,173.3068881,-42.20692416,2.787310544,72.96875
"651",2015-04-24," 03:53:35","earthquake",173.122818,-42.14382935,3.783057561,35.96322632
"652",2015-04-24," 03:46:20","earthquake",173.0933685,-42.12596893,3.721597025,32.12092209
"653",2015-04-24," 03:45:54","earthquake",172.9804509,-42.09350014,2.680782196,55.2734375
"654",2015-04-24," 03:38:03","earthquake",173.0576215,-42.07822683,4.922972497,47.0703125
"655",2015-04-24," 03:36:42","earthquake",173.068041,-42.09021531,6.233120551,51.5234375
"656",2015-04-23," 12:48:52",NA,172.1491368,-43.45919023,2.217596108,7.75390625
"657",2015-04-23," 06:20:40",NA,172.041615,-43.0559499,2.100260618,12.265625
"658",2015-04-23," 00:59:57",NA,172.7543982,-43.47334824,1.99682411,12.1484375
"659",2015-04-22," 23:03:47","earthquake",172.7820119,-43.51503696,2.162125249,10.7421875
"660",2015-04-22," 20:40:44",NA,171.7678864,-43.00172806,2.253927373,5.1171875
"661",2015-04-22," 17:26:32","earthquake",172.381246,-43.59313671,2.677082499,9.86328125
"662",2015-04-21," 15:38:26",NA,173.6802903,-42.48396072,2.392013692,31.015625
"663",2015-04-21," 15:30:26","earthquake",173.7875149,-42.48832231,2.664305851,29.9609375
"664",2015-04-21," 12:49:53",NA,172.3664342,-43.6651388,1.905580869,8.6328125
"665",2015-04-21," 08:51:58","earthquake",172.7531172,-42.34770786,2.368970073,61.71875
"666",2015-04-21," 05:35:53",NA,172.7806852,-43.65773252,2.028982026,8.3984375
"667",2015-04-21," 00:53:38",NA,173.6863852,-42.48497186,2.394002865,29.84375
"668",2015-04-21," 00:47:39",NA,173.6888387,-42.48921475,2.511513391,28.203125
"669",2015-04-21," 00:30:43",NA,173.7367286,-42.48309481,2.630244832,31.71875
"670",2015-04-20," 22:24:49",NA,173.730633,-42.48208367,2.471528077,31.484375
"671",2015-04-20," 09:12:28","earthquake",172.8476145,-42.42432432,2.553303426,17.7734375
"672",2015-04-19," 11:01:46",NA,172.2061545,-43.56706347,2.137888403,10.7421875
"673",2015-04-18," 15:40:43","earthquake",172.8139864,-42.42000881,2.521930905,13.0859375
"674",2015-04-18," 15:27:29","earthquake",172.8188651,-42.41889851,2.806516649,10.859375
"675",2015-04-18," 05:33:14",NA,172.4392122,-43.60710277,1.926655711,10.5078125
"676",2015-04-18," 01:51:05",NA,172.1865516,-43.53561188,1.853139686,8.8671875
"677",2015-04-17," 19:01:53",NA,172.3781161,-43.63625137,2.207219202,8.1640625
"678",2015-04-17," 18:18:44",NA,172.1279435,-43.46630804,2.089537891,8.6328125
"679",2015-04-17," 07:52:40","earthquake",172.631036,-43.54996195,2.998407232,10.5078125
"680",2015-04-16," 16:23:26","earthquake",172.3433928,-43.63442741,2.451621016,7.9296875
"681",2015-04-16," 13:52:18",NA,172.3094212,-43.54224853,2.27561709,5.05859375
"682",2015-04-16," 08:39:08","earthquake",172.1909149,-43.22180259,2.295524522,14.9609375
"683",2015-04-16," 06:53:31","earthquake",172.6152855,-43.52686974,2.776053754,5.439453125
"684",2015-04-16," 01:07:40",NA,171.1669049,-43.53490396,2.49539903,5.1171875
"685",2015-04-15," 16:03:47",NA,171.915127,-43.19886056,2.698484757,7.6953125
"686",2015-04-15," 07:37:30","earthquake",172.7259216,-43.56875992,2.594739006,5
"687",2015-04-15," 01:55:31",NA,171.9429988,-43.30236871,2.409500173,14.2578125
"688",2015-04-14," 11:30:46","earthquake",172.6651116,-43.59976635,3.06023058,12.265625
"689",2015-04-14," 05:47:24","earthquake",172.8639371,-42.14768993,3.675413438,21.0546875
"690",2015-04-12," 23:43:06","earthquake",172.6061316,-43.57345987,2.548073838,8.8671875
"691",2015-04-12," 13:03:59","earthquake",173.2197509,-42.85489831,2.80410742,40.7421875
"692",2015-04-12," 11:16:12","earthquake",172.9814796,-42.59263225,2.912532128,10.9765625
"693",2015-04-09," 08:35:08",NA,171.9361355,-43.21324142,2.437133455,7.109375
"694",2015-04-08," 08:22:10",NA,172.2013741,-43.53290385,2.541537706,6.23046875
"695",2015-04-08," 04:27:10",NA,172.8043908,-43.48729615,2.59761631,10.5078125
"696",2015-04-06," 20:15:25",NA,172.6065952,-43.61521144,2.126114207,12.6171875
"697",2015-04-06," 15:03:27","earthquake",172.6036581,-43.61825814,3.775367357,12.91015625
"698",2015-04-05," 19:35:45",NA,172.3538208,-43.62971525,1.963316706,6.0546875
"699",2015-04-05," 09:02:08",NA,172.3667733,-43.64594662,2.018095769,7.9296875
"700",2015-04-05," 04:08:27","earthquake",172.7269102,-43.61050067,3.858478129,10.56640625
"701",2015-04-04," 15:45:34","earthquake",172.0669964,-43.2961098,2.980071068,13.73046875
"702",2015-04-04," 10:32:10",NA,171.7691979,-42.99487631,2.312343587,5.05859375
"703",2015-04-03," 17:57:51","earthquake",171.9723488,-43.54515563,2.748878222,9.86328125
"704",2015-04-03," 17:00:36",NA,172.3874411,-43.61147137,2.225363011,6.7578125
"705",2015-04-03," 15:00:26",NA,172.3629189,-43.57153399,2.144195231,6.2890625
"706",2015-04-02," 15:38:13",NA,171.6506042,-43.41237254,2.064806188,9.98046875
"707",2015-04-01," 19:50:58",NA,172.0625019,-43.23982862,2.214009247,10.0390625
"708",2015-03-31," 12:38:23","earthquake",171.7734826,-43.02193138,3.209564096,9.1015625
"709",2015-03-31," 11:34:17","earthquake",172.9062564,-42.18231042,2.889033786,45.8984375
"710",2015-03-31," 11:30:08",NA,172.3639964,-43.80845725,2.194915065,5.05859375
"711",2015-03-31," 02:41:48",NA,171.5172411,-43.39623895,1.842745777,5.1171875
"712",2015-03-30," 20:24:30",NA,172.3666108,-43.80727921,2.377151512,5.05859375
"713",2015-03-30," 02:24:54",NA,173.1202999,-42.00995367,2.41199803,13.5546875
"714",2015-03-29," 04:14:14",NA,173.1648132,-42.34006695,2.936185748,22.2265625
"715",2015-03-28," 22:08:43",NA,172.4188588,-43.58773881,2.248471359,10.859375
"716",2015-03-28," 17:58:42","earthquake",172.6399907,-43.61553685,2.237213617,12.67578125
"717",2015-03-28," 12:20:48","earthquake",172.4968629,-43.60978913,1.949955494,9.98046875
"718",2015-03-28," 11:35:18",NA,172.136168,-43.5158052,2.253529642,8.3984375
"719",2015-03-28," 08:43:34",NA,172.352905,-43.66934538,2.059530189,8.046875
"720",2015-03-28," 02:44:25","earthquake",171.2209625,-44.47869873,2.457500111,9.241337776
"721",2015-03-28," 00:15:56","earthquake",172.0830543,-43.14690116,2.625725004,12.6171875
"722",2015-03-27," 05:20:17",NA,172.3506122,-43.64715609,2.326264498,7.9296875
"723",2015-03-27," 04:42:26","earthquake",172.1074911,-43.278692,2.329478126,9.3359375
"724",2015-03-26," 18:24:19",NA,172.5652997,-43.6321914,2.05372097,11.03515625
"725",2015-03-26," 16:11:42",NA,171.7866167,-43.43985356,2.078694509,14.2578125
"726",2015-03-26," 15:53:00",NA,171.7866167,-43.43985356,2.14804466,14.0234375
"727",2015-03-26," 15:50:58",NA,171.7775535,-43.46214202,2.039653831,11.2109375
"728",2015-03-26," 13:12:37","earthquake",172.8141323,-42.52768724,4.238272825,8.6328125
"729",2015-03-26," 02:12:29","earthquake",172.8320258,-42.44223442,2.491100429,14.9609375
"730",2015-03-25," 09:13:07",NA,172.3961187,-43.61192736,2.218154885,8.33984375
"731",2015-03-24," 19:55:43",NA,171.7389789,-43.55060523,2.105993567,9.86328125
"732",2015-03-24," 14:31:48",NA,172.7202732,-43.62095428,1.996887678,13.0859375
"733",2015-03-23," 10:33:56",NA,172.1564568,-43.48382149,1.948503068,9.1015625
"734",2015-03-22," 13:16:14","earthquake",173.0880171,-42.0173557,3.474674956,21.5234375
"735",2015-03-22," 08:30:08",NA,172.3992802,-43.59031137,2.657748627,8.80859375
"736",2015-03-22," 01:46:09",NA,172.6282607,-43.43218186,2.357014808,25.7421875
"737",2015-03-21," 21:22:52",NA,170.7839458,-44.03320095,2.824417102,36.875
"738",2015-03-21," 20:52:10",NA,172.2088802,-43.33002289,2.942915381,5.1171875
"739",2015-03-21," 11:31:19",NA,171.4536484,-43.17225108,2.250626097,5.1171875
"740",2015-03-21," 07:22:54",NA,172.0771292,-43.43229228,2.104592312,8.6328125
"741",2015-03-21," 01:37:18",NA,171.8972648,-43.05138023,2.339565139,5.1171875
"742",2015-03-20," 19:41:00",NA,172.4127758,-43.62972502,2.170587836,13.0859375
"743",2015-03-20," 17:21:02",NA,172.717455,-43.61440489,2.181018416,10.91796875
"744",2015-03-20," 07:16:33",NA,172.1577384,-43.67276431,2.25615638,10.44921875
"745",2015-03-19," 23:35:28",NA,172.7828623,-43.47416106,2.395980792,5.1171875
"746",2015-03-19," 12:10:03","earthquake",172.0401799,-43.17322442,2.493613413,10.9765625
"747",2015-03-18," 19:25:56","earthquake",171.7435608,-43.11201477,2.884698208,5
"748",2015-03-18," 12:31:29",NA,172.4045685,-43.61362912,2.454715898,7.9296875
"749",2015-03-17," 22:58:20",NA,172.0988535,-43.23168639,2.608173776,12.1484375
"750",2015-03-17," 20:47:21","earthquake",172.090694,-43.18218923,2.67357401,13.0859375
"751",2015-03-17," 20:43:01","earthquake",172.0703971,-43.18077168,3.969247729,16.1328125
"752",2015-03-16," 13:04:40","earthquake",172.4992048,-43.61883007,2.555588981,12.6171875
"753",2015-03-16," 12:33:21","earthquake",172.4305462,-43.59349842,2.766203142,13.5546875
"754",2015-03-16," 08:37:17",NA,172.7535172,-43.47833133,2.525089801,7.4609375
"755",2015-03-16," 03:40:04","earthquake",173.1059253,-41.98449632,2.779635318,16.6015625
"756",2015-03-15," 12:20:04","earthquake",172.7464268,-42.44016606,3.341931976,53.515625
"757",2015-03-15," 08:51:26",NA,170.3709336,-44.51287418,2.514887017,9.6875
"758",2015-03-15," 08:03:50","earthquake",172.8159081,-42.16465173,2.70673796,60.8984375
"759",2015-03-15," 04:23:58",NA,173.0845376,-42.56682432,2.585244305,48.359375
"760",2015-03-14," 19:31:56",NA,172.7466735,-43.46311111,2.286660708,5.1171875
"761",2015-03-14," 15:28:39",NA,172.1936197,-43.52328961,2.290402532,12.6171875
"762",2015-03-14," 12:30:46",NA,171.6102568,-43.20451687,2.13642102,7.75390625
"763",2015-03-14," 01:00:59","earthquake",172.4355017,-43.5750646,2.93677174,5.99609375
"764",2015-03-13," 01:12:53",NA,172.5392128,-43.62664827,1.977011151,10.0390625
"765",2015-03-12," 20:13:32",NA,172.7600379,-43.50439342,2.051632988,14.0234375
"766",2015-03-12," 17:37:32",NA,172.4785236,-43.64495501,2.215140583,9.1015625
"767",2015-03-12," 15:49:41","earthquake",171.8772888,-42.96226501,2.607735145,5
"768",2015-03-12," 15:22:13","earthquake",172.1788025,-43.57656097,2.410507575,2.918622494
"769",2015-03-12," 01:02:07",NA,173.0776932,-43.83101653,2.349044102,55.625
"770",2015-03-11," 21:28:47","earthquake",173.901535,-42.28399658,2.494672277,21.15938759
"771",2015-03-11," 20:45:32","earthquake",172.5463391,-43.6202773,2.420879104,5.029296875
"772",2015-03-11," 20:37:23","earthquake",172.5431824,-43.66423798,1.940522453,11.03039837
"773",2015-03-11," 19:10:08","earthquake",171.4681024,-43.19521689,3.005468614,7.6953125
"774",2015-03-11," 13:40:14",NA,173.0924393,-42.09301411,2.411547013,22.109375
"775",2015-03-11," 10:13:33",NA,172.4354887,-42.90281464,2.052835979,31.71875
"776",2015-03-11," 06:13:53",NA,172.6851852,-43.52291664,2.173092102,18.65234375
"777",2015-03-11," 05:38:39",NA,172.7321116,-43.50943937,2.165927782,13.5546875
"778",2015-03-10," 08:10:30","earthquake",170.4993977,-43.77654926,2.531320247,16.8359375
"779",2015-03-09," 17:47:18",NA,172.5967929,-43.50140331,1.997396012,10.0390625
"780",2015-03-09," 15:19:00",NA,172.5449394,-43.6170026,2.265981838,11.73828125
"781",2015-03-08," 22:13:41","earthquake",172.7917006,-43.48714252,2.570595181,12.44140625
"782",2015-03-08," 09:51:09",NA,172.3944962,-43.10324875,2.503979562,14.2578125
"783",2015-03-07," 01:23:44","earthquake",172.2604768,-43.60033903,3.005519695,10.0390625
"784",2015-03-06," 13:55:58","earthquake",172.91859,-42.4386968,2.775756339,7.51953125
"785",2015-03-05," 14:33:46",NA,171.9920963,-44.02397198,2.603684637,15.3125
"786",2015-03-05," 12:01:47","earthquake",172.8438748,-42.45509857,2.540842463,10.0390625
"787",2015-03-05," 07:24:45",NA,172.340268,-43.2576025,2.212322957,14.43359375
"788",2015-03-05," 04:33:52",NA,172.2059962,-43.31992123,2.145299591,8.6328125
"789",2015-03-05," 03:19:20",NA,172.2012286,-43.31143545,2.059074291,10.0390625
"790",2015-03-05," 00:39:29",NA,171.7757432,-43.05957554,2.318719233,12.1484375
"791",2015-03-04," 17:53:33",NA,172.1420506,-43.50136149,2.199306238,7.578125
"792",2015-03-03," 17:52:14",NA,173.7038414,-42.09917863,2.429476674,44.140625
"793",2015-03-02," 22:51:32",NA,172.8210569,-43.4512546,2.417705807,13.14453125
"794",2015-03-02," 10:34:46","earthquake",172.7965369,-43.4687087,2.555730509,11.6796875
"795",2015-03-02," 07:59:00",NA,172.9748991,-41.9426889,2.01153863,75.546875
"796",2015-03-02," 06:36:17","earthquake",172.5029035,-43.62039637,2.274746254,10.09765625
"797",2015-03-01," 09:37:37","earthquake",172.5450458,-43.57453561,3.037577993,5.029296875
"798",2015-02-28," 23:53:18",NA,172.8936792,-41.8368149,2.728269453,65.703125
"799",2015-02-28," 21:41:23",NA,172.500109,-43.61384698,2.147771509,11.6796875
"800",2015-02-28," 19:25:42",NA,172.7190898,-43.493208,2.418352716,12.1484375
"801",2015-02-28," 15:34:17",NA,172.5472043,-43.61769323,2.288122628,9.1015625
"802",2015-02-28," 13:27:08","earthquake",172.5520172,-43.56710052,3.469237349,5.768879414
"803",2015-02-27," 17:59:51",NA,172.7105909,-43.49630428,1.968567522,13.5546875
"804",2015-02-27," 14:45:31","earthquake",172.7017687,-43.48332282,3.285770511,9.98046875
"805",2015-02-27," 05:26:18","earthquake",172.6544964,-43.47654718,2.81349298,9.74609375
"806",2015-02-26," 22:54:54","earthquake",172.1797099,-43.48699039,2.766399603,5.1171875
"807",2015-02-26," 03:02:45","earthquake",172.7993368,-42.90203387,2.681122716,19.4140625
"808",2015-02-26," 00:58:28","earthquake",172.7710571,-42.87758636,2.662005137,5.603697777
"809",2015-02-25," 08:31:53",NA,172.5531963,-43.61097694,2.535078302,11.50390625
"810",2015-02-23," 18:56:46","earthquake",172.6536958,-43.53892176,2.539072696,13.5546875
"811",2015-02-23," 17:21:27",NA,171.8988737,-43.55078327,2.2426245,8.1640625
"812",2015-02-23," 06:01:31",NA,172.3264084,-43.69196763,2.050036014,8.515625
"813",2015-02-22," 15:47:43","earthquake",172.5004748,-43.57670839,2.839392923,12.265625
"814",2015-02-21," 22:42:45",NA,172.551874,-43.60947838,2.155330166,11.6796875
"815",2015-02-21," 20:33:16",NA,172.618557,-43.43315669,1.979244897,22.109375
"816",2015-02-21," 17:44:59","earthquake",172.2944697,-43.24397511,2.305712529,14.2578125
"817",2015-02-21," 15:02:26","earthquake",172.5176925,-43.61351318,2.421552516,11.4453125
"818",2015-02-20," 22:32:56","earthquake",172.7135422,-43.57819156,2.713045646,5.8203125
"819",2015-02-20," 05:59:31",NA,171.9202576,-43.48876552,1.950587811,7.2265625
"820",2015-02-19," 09:44:03","earthquake",170.2404633,-44.46960831,2.259279826,5
"821",2015-02-19," 07:41:44","earthquake",173.3067627,-43.87634277,2.40231449,21.41268539
"822",2015-02-19," 07:32:31","earthquake",173.3052673,-43.94396973,2.529336109,11.29342747
"823",2015-02-19," 04:30:50",NA,173.5422986,-42.52501541,2.292121775,26.796875
"824",2015-02-18," 17:20:29",NA,171.7064504,-43.07511979,1.849917054,5.1171875
"825",2015-02-18," 10:56:06",NA,172.1527304,-43.46972972,1.807128666,6.81640625
"826",2015-02-17," 09:22:33",NA,172.7944616,-43.48951675,2.589840063,10.5078125
"827",2015-02-17," 01:33:52",NA,172.3751012,-43.54850533,2.210349892,5.1171875
"828",2015-02-16," 06:28:58","earthquake",172.3786863,-43.56801802,3.676383666,7.51953125
"829",2015-02-16," 06:00:23",NA,172.7095916,-43.51088346,2.26621034,10.390625
"830",2015-02-15," 13:03:52","earthquake",173.1904759,-43.86342618,2.608032183,29.140625
"831",2015-02-15," 04:05:50",NA,172.7846362,-43.75258311,2.281034798,50.9375
"832",2015-02-14," 19:02:03",NA,173.1300771,-41.98854089,2.433294659,7.4609375
"833",2015-02-13," 14:59:06",NA,172.6943,-43.59684185,2.443002328,9.1015625
"834",2015-02-13," 06:51:06",NA,172.4002064,-43.60265179,2.375916684,7.4609375
"835",2015-02-13," 04:16:59","earthquake",172.3728172,-43.56096306,3.106073173,5.1171875
"836",2015-02-12," 15:54:49",NA,172.3656203,-43.61752845,2.014318419,5.1171875
"837",2015-02-12," 12:44:49",NA,172.366061,-43.6628323,2.527589659,5.87890625
"838",2015-02-12," 08:49:20",NA,172.7013973,-43.55697709,2.08310252,5.1171875
"839",2015-02-11," 19:09:55",NA,172.9244399,-43.09885912,2.655365709,143.75
"840",2015-02-10," 19:05:58",NA,172.5603012,-42.54703867,2.454258702,10.0390625
"841",2015-02-10," 13:28:24",NA,173.1222619,-42.34258504,2.517745051,13.203125
"842",2015-02-09," 14:57:00",NA,172.3726013,-43.59685587,2.403839862,10.7421875
"843",2015-02-09," 14:35:26",NA,170.0683458,-44.04803303,2.269318164,131.09375
"844",2015-02-09," 03:54:16","earthquake",172.4238549,-43.64757226,2.509609309,14.2578125
"845",2015-02-09," 01:11:20",NA,172.4171421,-43.64070235,2.622334214,8.3984375
"846",2015-02-06," 21:15:57",NA,172.148801,-43.4312099,2.326997145,15.13671875
"847",2015-02-05," 16:46:10",NA,171.0387773,-43.50033655,2.503355455,5.1171875
"848",2015-02-04," 16:52:58","earthquake",172.4080203,-43.62958955,2.56094785,8.6328125
"849",2015-02-04," 13:51:03","earthquake",172.7674056,-43.4536868,2.627320223,13.7890625
"850",2015-02-03," 20:12:21",NA,172.7671299,-42.59101361,2.462024655,33.359375
"851",2015-02-03," 11:35:58",NA,172.6820549,-43.56727708,2.451493523,11.6796875
"852",2015-02-03," 11:21:51",NA,172.3607178,-43.78290073,2.742424095,5.05859375
"853",2015-02-02," 16:27:42",NA,173.5800399,-42.50441545,2.805663114,35.703125
"854",2015-02-01," 03:52:24",NA,173.0858786,-42.03940952,2.527105401,85.859375
"855",2015-01-31," 17:16:59",NA,172.9452447,-42.2093208,2.358890764,21.7578125
"856",2015-01-30," 21:38:21","earthquake",172.0918427,-42.96938705,4.11823955,5
"857",2015-01-30," 19:01:25",NA,173.2901666,-42.44093131,2.52478222,47.890625
"858",2015-01-30," 13:39:55","earthquake",172.7252808,-43.59340668,1.980623429,5
"859",2015-01-30," 02:10:17",NA,172.159805,-43.4914316,2.175142661,10.9765625
"860",2015-01-29," 22:55:30",NA,173.4046684,-43.13685235,2.50425239,29.140625
"861",2015-01-28," 14:10:37",NA,172.0749349,-43.25375349,2.195430082,14.08203125
"862",2015-01-27," 18:17:22","earthquake",172.3806763,-43.560112,2.634710015,5
"863",2015-01-27," 17:31:39",NA,172.3431118,-43.59267583,1.92430052,9.8046875
"864",2015-01-27," 10:38:53","earthquake",172.9831843,-42.0222201,2.782195509,79.0625
"865",2015-01-27," 09:56:24","earthquake",172.4902243,-43.6244179,2.827453818,14.0234375
"866",2015-01-26," 20:51:34",NA,172.7682702,-43.61981743,2.09869152,7.9296875
"867",2015-01-26," 15:40:36",NA,171.9766419,-43.76968889,2.173907985,35.9375
"868",2015-01-26," 04:56:44","earthquake",172.9887563,-42.48559486,2.613826731,20.234375
"869",2015-01-26," 01:21:13",NA,172.4011185,-43.59766869,2.006481388,8.1640625
"870",2015-01-24," 19:46:03",NA,172.5194168,-43.59519668,2.403595842,12.1484375
"871",2015-01-24," 18:28:04",NA,172.5195296,-43.59457379,2.31941924,11.15234375
"872",2015-01-24," 12:21:14",NA,172.3531343,-43.66809961,2.097291438,8.3984375
"873",2015-01-24," 07:42:00",NA,172.4217643,-43.62413719,2.306110654,10.9765625
"874",2015-01-24," 05:44:59",NA,172.3502119,-43.58870388,1.807346614,10.0390625
"875",2015-01-23," 22:33:42",NA,173.2154494,-42.57061749,2.432749733,23.984375
"876",2015-01-23," 22:28:51",NA,172.3530747,-43.59045522,2.496633722,8.6328125
"877",2015-01-23," 21:07:48",NA,172.3585762,-43.62985072,2.184563489,10.0390625
"878",2015-01-23," 19:36:19",NA,172.1898956,-43.65426764,2.417304581,13.5546875
"879",2015-01-23," 00:44:42",NA,172.9393403,-42.18911748,2.281985937,6.7578125
"880",2015-01-22," 16:41:14",NA,171.9594186,-43.27423964,2.089845197,10.56640625
"881",2015-01-22," 15:25:13",NA,171.8953401,-43.51101767,2.538634075,8.046875
"882",2015-01-22," 08:21:33","earthquake",171.7042023,-43.61078574,2.199574297,8.515625
"883",2015-01-22," 07:36:09","earthquake",172.9008898,-42.07698807,2.681808277,65.3515625
"884",2015-01-22," 04:53:58",NA,171.6389452,-43.3988855,1.888370494,9.1015625
"885",2015-01-20," 20:29:46","earthquake",172.5149695,-43.60216575,2.24903445,12.265625
"886",2015-01-20," 12:59:25",NA,171.5102013,-43.3191993,2.097038627,13.3203125
"887",2015-01-19," 21:37:40","earthquake",172.8453536,-42.49186705,2.956037343,64.8828125
"888",2015-01-19," 11:29:42",NA,173.8956368,-42.44682489,2.595114063,24.921875
"889",2015-01-19," 05:59:50",NA,172.0846164,-43.58697632,2.408035445,8.6328125
"890",2015-01-18," 21:27:22","earthquake",172.7859671,-43.49261303,2.571834175,10.2734375
"891",2015-01-18," 17:42:51",NA,173.4569776,-42.54924377,2.783516076,56.328125
"892",2015-01-18," 02:11:27","earthquake",172.1978848,-43.30382533,2.158167535,7.4609375
"893",2015-01-17," 15:26:33",NA,172.7198842,-42.17103284,2.497306928,19.4140625
"894",2015-01-17," 10:51:06",NA,170.1934556,-44.4531469,2.851266767,5.1171875
"895",2015-01-16," 19:55:56","earthquake",170.2517853,-44.46393585,2.697212636,5
"896",2015-01-15," 08:34:29",NA,172.4287479,-43.66440836,2.157680259,9.8046875
"897",2015-01-15," 07:44:59","earthquake",172.4292033,-43.66191682,3.688272324,10.7421875
"898",2015-01-14," 22:24:43",NA,172.1795265,-43.47091265,2.539803706,5.05859375
"899",2015-01-14," 03:38:16",NA,172.781451,-42.81512719,2.307662021,38.515625
"900",2015-01-14," 03:09:26",NA,172.1564872,-43.49217181,2.097934443,9.8046875
"901",2015-01-13," 16:24:27","earthquake",171.9610546,-43.23629312,2.804580253,8.80859375
"902",2015-01-12," 21:41:57",NA,171.5522925,-43.28240427,2.554433279,7.578125
"903",2015-01-12," 10:59:48","earthquake",172.7318878,-43.53940582,2.143297702,6.126080036
"904",2015-01-12," 06:25:40","earthquake",172.7852631,-43.50987625,2.128240146,4.144977093
"905",2015-01-12," 06:20:12",NA,171.4473901,-43.18794056,2.779088857,5.1171875
"906",2015-01-11," 15:48:11",NA,172.4115356,-43.59295654,2.054293957,9.3359375
"907",2015-01-11," 15:18:47","earthquake",172.5276623,-43.62444094,2.955406319,9.98046875
"908",2015-01-11," 05:24:22",NA,172.2604321,-43.59198871,1.747666517,10.0390625
"909",2015-01-11," 04:07:41",NA,173.8865514,-42.42487023,2.59278509,34.296875
"910",2015-01-10," 10:46:36",NA,169.8352776,-44.35948349,2.36646605,9.3359375
"911",2015-01-10," 04:14:08",NA,172.0436053,-43.23928674,2.092397349,11.4453125
"912",2015-01-09," 18:46:12",NA,173.8093208,-42.39926763,2.300106891,33.828125
"913",2015-01-09," 17:51:36",NA,173.8357475,-42.41004665,2.550703081,29.140625
"914",2015-01-09," 15:49:15","earthquake",173.87592,-42.41288175,3.004964036,33.359375
"915",2015-01-09," 07:45:31","earthquake",172.2441745,-43.2934625,2.637298386,10.0390625
"916",2015-01-08," 15:44:12",NA,173.0539762,-42.71032294,2.429028425,53.28125
"917",2015-01-08," 11:33:35",NA,172.0066578,-43.15806704,2.077436144,10.7421875
"918",2015-01-07," 13:47:25","earthquake",172.8037764,-42.22606475,2.519338515,58.3203125
"919",2015-01-06," 15:16:49","earthquake",172.2861786,-43.28047265,1.872433251,15.6640625
"920",2015-01-06," 15:06:23","earthquake",172.34706,-43.63181854,2.020834199,9.98046875
"921",2015-01-05," 23:42:50","earthquake",172.3983179,-43.60426766,2.163653045,10.7421875
"922",2015-01-05," 02:29:44",NA,172.1243408,-43.07795064,2.493404811,15.1953125
"923",2015-01-05," 01:41:09",NA,172.7662197,-43.50540456,2.157291002,13.0859375
"924",2015-01-04," 22:08:25",NA,173.6706523,-44.27502585,2.813900244,78.125
"925",2015-01-04," 10:29:07","earthquake",172.7604784,-43.50190187,2.375892771,6.7578125
"926",2015-01-03," 14:29:43",NA,173.7947201,-42.18400994,2.489103557,46.1328125
"927",2015-01-03," 13:01:22",NA,172.7669518,-43.63626527,2.345166598,9.39453125
"928",2015-01-02," 13:45:31",NA,172.1818807,-43.46680522,2.052688817,5.05859375
"929",2015-01-02," 09:57:55","earthquake",172.1621301,-43.47897387,2.431321467,6.5234375
"930",2015-01-02," 09:46:38",NA,172.7400703,-42.09941901,2.367128581,83.515625
"931",2015-01-01," 15:14:35","earthquake",173.0589199,-42.90325586,2.38551415,34.765625
